region,funding_total_usd,funding_rounds,founded_year
A Coruna,4947720,4,4025.0
AB - Other,22351000,9,14082.0
AK - Other,9450000,7,12067.0
AL - Other,14437000,19,28132.0
AR - Other,4059598,26,40172.0
ARG - Other,32081829,13,14055.0
AUS - Other,118810786,41,50225.0
AUT - Other,186117296,19,24079.0
AZ - Other,505000,5,10057.0
AZE - Other,162000,2,2013.0
Aachen,74093017,16,12047.0
Aalborg,350000,3,6025.0
Aarhus,16557410,13,18072.0
Abbotsford,9911648,9,4024.0
Aberdeen,55151477,9,15984.0
Abu Dhabi,856250000,5,5990.0
Abuja,12000000,8,10044.0
Accra,1774615,11,16077.0
Adelaide,10555195,7,6024.0
Ahmedabad,14398848,16,20094.0
Aix-en-provence,10891151,5,10024.0
Akron - Canton,117219760,71,68237.0
Albacete,533920,3,2010.0
"Albany, Georgia",565000,3,6041.0
"Albany, New York",159498652,41,44152.0
Albuquerque,307510577,109,90272.0
Alcester,57469263,2,
Alcorcon,1286600,1,2007.0
Alcoy,270100,1,2003.0
Aldershot,144439,2,2011.0
Alexandria,253675394,51,46171.0
Alfreton,31885858,1,
Alicante,2586900,2,2009.0
Allentown,79065237,43,40150.0
AllerÃ¸d,0,1,1994.0
Almeria,108000,1,
Alton Barnes,909150,2,2012.0
Altrincham,47188241,4,3988.0
Amersham,0,1,1997.0
Amman,25556000,29,40200.0
Amsterdam,840267097,247,285452.0
Anaheim,3813731546,610,473624.0
Anchorage,6002058,14,16021.0
Ancona,200000,3,2010.0
Ankara,693468,6,12069.0
Annecy,260000,1,2011.0
Antwerp,19719327,16,16079.0
Asheville,64480587,26,32113.0
Athens,21884587,31,40234.0
"Athens, Georgia",1090000,7,8042.0
Atlanta,7799049776,787,778880.0
Atlantic City,51452901,16,22125.0
Auckland,270125265,54,56236.0
Augsburg,220000,1,2014.0
"Augusta, Maine",4000000,1,
Aurangabad,0,1,2003.0
Austin,4738231328,1023,917773.0
Ayr,454575,1,
BC - Other,38030174,30,32117.0
BEL - Other,130733313,37,38164.0
BGR - Other,1464454,19,10058.0
BHS - Other,8900000,1,2011.0
BRA - Other,48753057,45,46173.0
BRN - Other,0,1,2013.0
BWA - Other,1000,1,2013.0
Baar,2254193,3,6025.0
Bahamas,1200000,1,2009.0
Bahrain,776269,5,6034.0
Bakersfield,27657775,21,24133.0
Baku,210000,2,4023.0
Ballerup,5984538,4,4016.0
Baltimore,2147211707,368,332968.0
Banbury,452335,1,2001.0
Bangalore,4446350061,364,409819.0
Bangkok,61656646,38,46211.0
Bangor,32496239,10,4015.0
Baracaldo,0,1,2012.0
Barcelona,1960940057,302,329564.0
Basel,81420008,6,6032.0
Bath,38404290,23,16070.0
Baton Rouge,103708787,26,30140.0
Beaconsfield,9610000,2,1996.0
Beijing,13620303367,823,501628.0
Beirut,4753000,18,20116.0
Bekasi Kota,0,1,2015.0
Belfast,25724631,22,34161.0
Belgaum,1330000,2,2006.0
Belgrade,5255043,9,14079.0
Bellshill,6149941,2,2001.0
Bergamo,129320,3,2009.0
Berlin,3151111962,550,587094.0
Bermuda,751666000,4,4000.0
Bern,911000,1,
Bertrange,8900000,2,3997.0
Bhubaneswar,18230000,4,2009.0
Bidart,3289050,4,8016.0
Bielefeld,5647230,2,2010.0
Bilbao,21615728,15,14057.0
Billings,96700000,1,2006.0
Biloxi - Gulfport,217763,3,3988.0
Binton,1000000,1,2009.0
Birkenhead,460000,2,3935.0
Birmingham,258911790,97,86222.0
Bismarck,2500800,2,4016.0
Blackrock,4220000,4,1992.0
Bochum,798000,3,4018.0
Bogota,49871973,48,46230.0
Boise,136798140,61,48195.0
Bologna,4364212,12,18093.0
Bolton Upon Dearne,9459248,4,3990.0
Bolzano,133620,1,2008.0
Bonn,24035090,7,4023.0
Bordeaux,33885992,14,8024.0
Borehamwood,1136438,2,4019.0
Bormujos,1215385,3,2006.0
Boston,24617145518,3321,2414805.0
Boston Spa,1729000,5,2012.0
Boulogne,48454682,9,8015.0
Bowling Green,550000,4,8040.0
Bozeman,20453166,20,14039.0
Bradford,14906222,2,
Branson,4168600,10,16081.0
Brasilia,1150000,3,4020.0
Bratislava,2339415,15,26128.0
Braunschweig,3164760,5,6021.0
Bremen,0,1,2008.0
Brentford,33563793,3,4008.0
Brescia,6982627,7,6037.0
Bridgend,5864512,1,
Brisbane,67944281,39,42183.0
Bristol,245808126,46,42176.0
Bromborough,881025,1,2011.0
Bromley,125000,1,2014.0
Brossard,48993203,4,3998.0
Brunn Am Gebirge,1449360,2,4018.0
Brussels,612994720,140,134427.0
Bucharest,7996108,11,20112.0
Budapest,28743246,38,60310.0
Buenos Aires,191247441,194,225167.0
Buffalo,158693108,48,54206.0
Bundangdong,8261753,8,12063.0
Burleigh Heads,382106890,2,1973.0
Burnaby,296057036,60,34022.0
Burnley,1303116,1,2013.0
Busan,18000000,1,2011.0
Bushey,16880,1,
CA - Other,1089833979,132,120431.0
CAN - Other,46876992,16,16099.0
CHE - Other,239578610,73,64249.0
CHL - Other,120000,3,4024.0
CHN - Other,7763378389,309,168461.0
CIV - Other,120000,2,
CMR - Other,119561,2,4023.0
CO - Other,119412248,30,46232.0
COL - Other,766873,17,14080.0
CRI - Other,0,3,4021.0
CT - Other,111711303,30,24081.0
CYM - Other,22250000,3,4012.0
CYP - Other,134101,3,2009.0
CZE - Other,37397792,16,14076.0
Cadiz,67983,1,2012.0
Caerphilly,508158,3,4016.0
Cagliari,10079923,14,10058.0
Cairo,252404796,22,30156.0
Calgary,879744848,73,88403.0
Camberley,2000000,1,1993.0
Camberwell South,25500000,3,1996.0
Camborne,97433329,8,4002.0
Campinas,373333,2,2014.0
Canberra,4137084,6,8025.0
Cannock,397307,1,
Cape Cod,151806634,14,10023.0
Cape Town,584613107,50,64207.0
Cardiff,43276984,26,20088.0
Carlisle,805833,1,
Carthage,41525000,11,14030.0
Casablanca,3200000,4,6034.0
Castelfranco Veneto,52122,1,2013.0
Catania,7356760,6,6030.0
Cayman Islands,134182857,14,12055.0
Cebu,407000,2,2011.0
Cedar Rapids,113944647,42,50228.0
Champagne-au-mont-d'or,4610000,2,3998.0
Chandigarh,5010000,2,4020.0
"Charleston, South Carolina",280440404,61,56205.0
"Charleston, West Virginia",3825572,4,4014.0
Charlotte,703303304,105,112407.0
Charlottetown,4040690,3,4020.0
Chattanooga,55472034,82,54258.0
Cheadle Hulme,903234,2,2011.0
Cheltenham,4456795,6,10037.0
Chemnitz,620000,2,2011.0
Chengdu,210981833,32,20079.0
Chennai,837917128,74,82202.0
Chester,2399938,5,6035.0
Cheyenne,286000,7,12055.0
Chiang Mai,740000,4,4021.0
Chiasso,1550000,3,4018.0
Chicago,8079435163,1099,1124510.0
Chisinau,19168,2,4022.0
Chongqing,10200956,6,10014.0
Christchurch,3350000,4,6029.0
Cincinnati,415484347,208,192774.0
Cirencester,11430000,2,4003.0
City Of London,235677,2,2011.0
Clapiers,11087820,3,3993.0
Clermont-ferrand,3940000,2,4006.0
Cleveland,1140775337,334,272776.0
Cluj-Napoca,854449,8,10061.0
Cochin,26864886,9,12048.0
Coimbatore,500000,2,
Coimbra,2681182,7,10035.0
Coleraine,480737987,4,1968.0
Cologne,153002491,62,80341.0
Colorado Springs,94324702,44,46087.0
"Columbia, South Carolina",2855900,15,26129.0
"Columbus, Georgia",15175345,3,3989.0
"Columbus, Ohio",410522513,213,200732.0
Copenhagen,427111410,142,178887.0
Corby,150000,2,2006.0
Cordoba,51701,1,2011.0
"Cordoba, ARG",838083,6,8034.0
Cork,118557115,28,38167.0
Corpus Christi,150000,1,1992.0
Costa Rica,227000,3,4024.0
Coventry,50979342,22,22070.0
Crook Of Devon,3788128,2,4013.0
Cross Hands,3230000,1,
Curitiba,1690112,5,8044.0
Cwmbran,441000,1,2005.0
Cyprus,72883417,24,22094.0
DE - Other,930000,5,8050.0
DEU - Other,781205612,125,118297.0
DNK - Other,114085399,73,86323.0
DOM - Other,38631,1,2010.0
DZA - Other,378812,1,2009.0
Daegu,183696,2,4027.0
Daejeon,6122590,4,6025.0
Dallas,8483238939,697,652031.0
Danderyd,71779200,4,2001.0
Daresbury,15350591,11,12054.0
Dartmouth,41575113,15,4003.0
Davao,41000,3,2009.0
Dayton,55777000,20,22031.0
Daytona Beach,50500000,7,10057.0
Delhi,82939003,22,20103.0
Delta,667500,3,4009.0
Denver,4927913443,1090,939673.0
Derby,1000000,2,
Des Moines,100289241,43,44191.0
Detroit,1144975030,370,343287.0
Dhaka,1403874,15,18100.0
Dnepropetrovsk,200000,2,4021.0
Dornbirn,1521189,2,4025.0
Dortmund,29552080,6,2007.0
Dorval,66500000,3,4011.0
Douglas,0,2,3992.0
Dover,4076033,16,24126.0
Dresden,274426116,31,32111.0
Dubai,633867066,78,110578.0
Dubendorf,10756869,5,4020.0
Dublin,1171948168,365,411851.0
Duluth,5650999,7,10045.0
Dundee,22441291,8,4019.0
Durban,0,1,2014.0
Durham,1246954,3,4021.0
Dusseldrof,30382333,18,14054.0
DÃºn Laoghaire,10669375,4,4013.0
ECU - Other,955000,3,
EGY - Other,176145000,5,7991.0
ESP - Other,47171711,53,52234.0
EST - Other,22911538,20,20095.0
Ecublens,6430205,4,6031.0
Edinburgh,252367041,90,90301.0
Edmonton,57772080,44,46220.0
Eight Mile Plains,1813760,3,4020.0
Eindhoven,38416925,29,34108.0
El Paso,35003000,4,8040.0
Elche,0,1,2012.0
Ellesmere Port,1515251,1,1982.0
Elmira,79937403,31,26113.0
Ely,2446977,1,
Enfield Lock,12660000,2,1999.0
Erlangen,1832130,7,6014.0
Ernakulam,173000,2,2011.0
Esch-sur-alzette,3292171,8,6033.0
Essen,15481060,9,4018.0
Etobicoke,0,1,2012.0
Eugene,187081843,44,46174.0
Evansville,0,1,2008.0
Exeter,10428191,6,10034.0
FIN - Other,35560770,15,12009.0
FL - Other,68313326,43,52175.0
FRA - Other,650063471,154,174419.0
Fargo,60640524,12,14060.0
Faridabad,176605,3,2008.0
Farnham,82549,1,2013.0
Farum,0,1,2013.0
Fayetteville,155594646,116,190788.0
Finchley,234987,2,2013.0
Firenze,64330000,9,8027.0
Flagstaff,0,3,4022.0
Fleet,0,1,2012.0
Flint,24689838,11,10044.0
Florence,1062665,14,14087.0
Florida's Space Coast,316238262,40,42088.0
Florida's Treasure Coast,67595137,27,30003.0
Fornebu,10763244,4,4009.0
Fort Collins,97773013,36,32068.0
Fort Myers,372941389,21,24126.0
Fort Saskatchewan,200000,1,
Fort Wayne,13794093,19,22078.0
Fortaleza,2136663,13,16081.0
Foshan,40000000,1,2008.0
Frankfurt,447585108,99,100407.0
Fredericton,3725000,3,2007.0
Frederiksberg,6552580,3,5990.0
Freiburg,21657270,4,2010.0
Frensham,4993392,6,4018.0
Fresno,14105778,22,30059.0
Fribourg,4738685,5,8030.0
Ft. Lauderdale,1061220210,153,154525.0
Fukuoka,30097,1,2013.0
Fuzhou Shi,28000000,4,
GA - Other,33721719,10,10024.0
GBR - Other,1594192155,335,353046.0
GHA - Other,0,2,4012.0
GIB - Other,20844912,6,6034.0
GRC - Other,5919925,6,4022.0
GTM - Other,115000,2,2013.0
Gainesville,129376739,62,58249.0
Galway,83622102,15,16050.0
Garching Bei Munchen,4350240,1,
Gardanne,0,1,2007.0
Gateshead,9723229,5,3996.0
Gatineau,10813288,6,6024.0
Gdansk,675192,4,8044.0
Gdynia,2730775,5,6033.0
Geneva,483815328,53,54229.0
Ghaziabad,100000,1,2013.0
Gilching,200000,1,2013.0
Girona,495844,2,4018.0
Glasgow,184089777,41,34080.0
Glattbrugg,385000,1,2011.0
Goa,60000,3,2012.0
Gothenburg,172116848,42,34145.0
Granada,11572200,6,2002.0
Grand Junction,7143225,10,16090.0
Grand Rapids,84245702,36,42071.0
Graz,5153665,2,
Great Missenden,561967,2,2012.0
Green Bay,18029000,16,22060.0
Greensboro,87060386,22,30039.0
Greenville - Spartanburg,296581042,78,70285.0
"Greenville, North Carolina",9645352,7,6036.0
Grenoble,120134103,15,16061.0
Groningen,3794868,5,8044.0
Guangdong,1639344,3,2007.0
Guangzhou,550066693,54,32078.0
Guatemala City,663600,4,4021.0
Guayaquil,75000,1,2011.0
Guwahati,19889,1,2012.0
HI - Other,910000,4,6016.0
HND - Other,4500,1,2015.0
HRV - Other,1500000,1,
HUN - Other,5261041,11,8034.0
Hagerstown,120631017,29,20091.0
Haifa,48770000,17,26056.0
Hainan,8000000,3,2012.0
Halifax,87007857,47,42139.0
Halle An Der Saale,0,2,
Halle-neustadt,33127200,1,
Halmstad,88000,3,2013.0
Hamburg,927999228,104,116510.0
Hamilton,8589492,2,1999.0
Hangzhou,1133044659,61,44141.0
Hanoi,17500000,10,10041.0
Hanover,15176102,15,6032.0
Harare,10000000,1,
Harbin,0,1,2005.0
Harlingen,17941122,4,4023.0
Harrisburg,121569522,36,42144.0
Harrogate,5803347,3,4011.0
Hartford,1985159250,426,401355.0
Haryana,69399999,14,20088.0
Hawaii - Big Island,170000,3,4026.0
Haywards Heath,38856,1,
Heathrow,11625112,1,2007.0
Hefei,6157940,5,1994.0
Heilbronn,7696120,3,2006.0
Helena,19000000,3,2002.0
Hellerup,0,2,2010.0
Helsinki,657427344,223,239110.0
Henley On Thames,404187,3,4024.0
Hereford,147761,1,2012.0
Herisau,250000,4,8029.0
Herlev,0,2,4009.0
Hilton Head Island,2734295,8,12041.0
Ho Chi Minh,117920509,16,22113.0
Hobart Town,1300000,3,2008.0
Holmes Chapel,3822647,3,2011.0
Hong Kong,448280825,190,207086.0
Honolulu,179785029,72,70305.0
Houston,3670769345,383,369273.0
Hove,1219418,3,2008.0
Huddersfield,10706404,6,8008.0
Huntsville,282222260,46,52077.0
Hyderabad,721174653,66,78304.0
HÃ¸rsholm,0,1,2011.0
IA - Other,74967331,17,20083.0
ID - Other,39998815,23,38063.0
IDN - Other,19960000,6,6038.0
IL - Other,63080381,26,46125.0
IN - Other,63571750,54,54216.0
IND - Other,482375500,39,38075.0
IRL - Other,204866879,29,46203.0
ISL - Other,4289256,5,4019.0
ISR - Other,712766677,117,144488.0
ITA - Other,79502841,53,54250.0
Iasi,4570000,2,4022.0
Idaho Falls,12759900,7,6014.0
Igualada,650100,1,
Ilford,0,2,2012.0
Illkirch-graffenstaden,3237000,1,
Incheon,9212,1,2012.0
Indianapolis,666945442,266,244952.0
Indore,50350000,4,8035.0
Innsbruck,14983300,5,1998.0
IoÃ¡nnina,20000,1,2013.0
Islamabad,42000,3,4025.0
Ismaning,8400000,2,2005.0
Istanbul,272786408,146,190970.0
ItÃ¡,77134077,12,6026.0
Ivry-sur-seine,10330000,4,3999.0
Izmir,110000,2,4023.0
JAM - Other,50000,1,
JEY - Other,0,1,2014.0
JOR - Other,690000,2,4024.0
JPN - Other,790184349,73,48221.0
Jabalpur,200000,1,2007.0
Jackson,43405000,13,20043.0
Jacksonville,434040872,62,78284.0
Jaipur,105453217,12,16061.0
Jakarta,253301185,63,76405.0
Jakarta Pusat,1300000,2,2013.0
Jeddah,454333,3,4025.0
Jena,18540000,11,4016.0
Jerusalem,15100000,4,4014.0
Jinan,12200000,3,4009.0
Jodhpur,500000,1,2014.0
Johannesburg,87050832,22,30151.0
Jonkoping,113000,2,2013.0
Jounie,2750000,2,2011.0
JyvÃ¤skylÃ¤,1834331,5,8047.0
KAZ - Other,7200000,1,
KEN - Other,13052000,4,3989.0
KHM - Other,30000,2,2003.0
KOR - Other,21688916,22,30115.0
KS - Other,1143221570,39,42124.0
KY - Other,219123061,35,50107.0
Kalamazoo,224112322,46,30086.0
Kampala,4644000,11,14079.0
Kanata,4490196,4,8021.0
Kansas City,683365280,136,146455.0
Karachi,500000,1,2012.0
Kassel,2954475,2,
Kathmandu,300000,2,4018.0
Katowice,16929067,4,4016.0
Kauai,0,1,2012.0
Kaunas,20395,1,
Kazan,566000,14,6034.0
Kelowna,7542200,11,16080.0
Kent,343566818,8,6022.0
Kharkov,150000,1,2012.0
Kiev,14296000,40,60315.0
Kilkenny,623797,5,4020.0
Kingston,32000,1,2009.0
Kingston Upon Thames,5000,2,4016.0
Klagenfurt,0,1,2012.0
Knoxville,133850539,62,42157.0
Knutsford,1809695,2,2008.0
Kochi,24046000,4,6032.0
Kolbermoor,0,1,2010.0
Kolding,0,1,
Kolkata,83645000,10,10036.0
Kosice,4500000,1,1996.0
Krakow,19878859,24,28164.0
Kristiansand,85523,2,2009.0
Kuala Lumpur,1134982816,59,78366.0
Kunshan,14846285,2,2012.0
Kuopio,819010,4,2014.0
Kyoto,1685122,6,4015.0
LA - Other,38869500,13,16060.0
LAO - Other,0,2,2010.0
LBN - Other,150000,2,4021.0
LIE - Other,7500000,1,
LTU - Other,70410,2,2013.0
LUX - Other,6101437,5,4023.0
La Rochelle,2165094,3,2009.0
LabÃ¨ge,155911801,9,8023.0
Lachine,1000000,1,
"Lafayette, Louisiana",151550000,7,8029.0
Lagos,105738700,29,40234.0
Lahore,3038000,14,14040.0
Lake Tahoe,500000,2,4027.0
Lancaster,1391185,6,4021.0
Landshut,2580000,2,
Lannion,1300000,1,2013.0
Lansing,29607809,18,20002.0
Lappeenranta,6669920,2,4015.0
Las Vegas,257854391,219,269290.0
Lausanne,564218798,46,36126.0
Le Plessis-robinson,17087622,3,4006.0
Leamington Spa,0,1,2012.0
Leeds,20346844,13,8023.0
Leicester,250000,3,6030.0
Leipzig,14423102,12,12049.0
Leon,0,2,
Leonberg,12000,4,4022.0
Leudelange,7780000,2,4019.0
Levis,0,2,2009.0
Lexington,136697997,52,58194.0
Lima,5369695,33,30190.0
Limerick,39428596,11,12045.0
Limoges,1308720,2,2010.0
Linkoping,57441872,17,16046.0
Linlithgow,4260502,2,4006.0
Linz,180000,3,4026.0
Lisbon,18953377,33,38179.0
Little Rock,76768928,69,108297.0
Liverpool,40945631,43,30143.0
Livingston,81595090,14,8012.0
Ljubljana,5062263,9,16087.0
Logrono,106862,3,2012.0
London,12011465618,2541,2521448.0
Long Island,406624678,124,140163.0
Los Angeles,14619339383,2110,2095365.0
Los Cabos,15000,1,2012.0
Loughborough,20284899,5,4004.0
Louisville,231035349,79,74320.0
Lubbock,40150057,7,8021.0
Lubeck,880000,2,2011.0
Lucca,661200,2,2009.0
Ludhiana,5000000,1,1973.0
Lugano,7775740,9,10053.0
Lulea,8186733,4,2007.0
Luxemburg,487845579,11,14063.0
Luzern,2600477,3,4023.0
Lviv,70000,1,2012.0
Lyngby,397315400,8,2000.0
Lyon,209411717,33,42162.0
Lysaker,3600000,2,2010.0
MA - Other,361310820,64,46170.0
MB - Other,5000,2,4024.0
MCO - Other,657000,1,1992.0
MD - Other,10988012,28,32178.0
MDA - Other,79232,2,2010.0
ME - Other,166205314,32,27999.0
MEX - Other,165579282,40,38218.0
MI - Other,36969060,17,15973.0
MLT - Other,11759284,2,4013.0
MN - Other,281901697,44,46140.0
MO - Other,404854207,37,58233.0
MOZ - Other,0,1,
MS - Other,6354236,7,6023.0
MT - Other,21131079,11,10041.0
MUS - Other,200000,2,2011.0
MYS - Other,2625368,4,2010.0
Macclesfield,15124445,6,8006.0
Macon,5982992,13,10031.0
Madhapur,250000,1,2007.0
Madison,426512094,146,128396.0
Madrid,436004280,274,269369.0
Madurai,0,1,2012.0
Magdeburg,19682075,2,2005.0
Malaga,9325380,7,12054.0
Malakoff,5680000,3,3980.0
Malmo,295322904,84,78342.0
Malta,1884420,2,2009.0
Malvern Wells,225962,1,2005.0
Manaus,360000,6,8047.0
Manchester,177328065,62,60284.0
"Manchester, New Hampshire",900538286,150,128381.0
Mangalore,36000,1,2012.0
Manila,15853000,33,46211.0
Mannheim,0,1,2010.0
Maple Ridge,0,1,2010.0
Marseille,70871115,12,12034.0
Martinsried,7526360,5,2007.0
Maui,2251000,6,10051.0
Mauritius,1829122,2,
Medellin,390000,3,6023.0
Medford,69826126,14,16067.0
Melbourne,222290790,112,118581.0
Memphis,221482028,140,102444.0
"Mendoza, ARG",40000,1,
Meridian,0,1,2013.0
Mexico City,583374769,75,84424.0
Miami,973217129,292,329592.0
Middlesbrough,1656536,4,4024.0
Milan,192227974,114,126632.0
Milwaukee,393847099,93,80243.0
Minneapolis,2701575260,520,467430.0
Minsk,50000,3,6034.0
Missoula,35276120,14,12029.0
Mobile,8646823,4,5977.0
Modena,1461505,4,8038.0
Mohali,12260000,2,4014.0
Moline - Davenport,425000,4,6026.0
Moncton,18957067,11,12047.0
Monheim,7018900,5,4018.0
Monterey,16162487,5,6026.0
Monterrey,4000000,3,6021.0
Montevideo,12260000,17,22112.0
Montgomery,11531116,12,14041.0
Montpelier,32211808,28,20068.0
Montpellier,43607112,17,12034.0
Montreal,884921299,217,237007.0
Montreuil,10533549,5,6017.0
Moscow,2849492431,284,297447.0
Mulgrave,80000000,1,2006.0
Mumbai,3737812673,228,267195.0
Munich,708401136,197,186829.0
Murcia,4400000,3,4023.0
Muscat,10000,1,2013.0
Myrtle Beach,16538400,11,22109.0
Mysore,23370000,2,4006.0
NB - Other,160614250,8,8039.0
NC - Other,58781660,38,46221.0
ND - Other,8620000,7,10016.0
NE - Other,18985000,13,12041.0
NGA - Other,152315000,9,16077.0
NJ - Other,247027583,76,88200.0
NL - Other,0,1,2010.0
NLD - Other,493878530,76,64163.0
NM - Other,505000,5,8035.0
NOR - Other,52087577,18,18082.0
NS - Other,93813,5,4029.0
NV - Other,2660000,4,4020.0
NY - Other,147497127,90,120345.0
NZL - Other,22830080,16,16073.0
Nagpur,155000,5,6034.0
Nairobi,298505352,36,36160.0
Nanjing,152292700,19,16046.0
Nantes,24937880,17,20088.0
Napa Valley,738654007,111,96355.0
Naples,16945853,9,6030.0
"Naples, Florida",97838468,22,36180.0
Napoli,2890448,5,8048.0
Nashville,1370930686,455,337364.0
Nasik,4000000,1,2005.0
Netanya,795469999,74,68230.0
Neuilly-sur-seine,17727133,9,10046.0
New Bedford,84878437,21,16026.0
New Delhi,4132849389,304,321470.0
New Orleans,78755935,52,60295.0
New York City,26640630828,4260,4107349.0
Newark,4728779241,606,662218.0
Newbury,23535803,8,6011.0
Newcastle,67945736,47,34130.0
Newcastle Under Lyme,170000,2,2011.0
Newport,3540000,2,4009.0
Newton-le-willows,57213284,2,
Nice,289771334,33,34109.0
Nizhniy Novgorod,1079000,2,2011.0
Norfolk - Virginia Beach,24005000,33,44246.0
Norrkoping,150000,1,2012.0
Northampton,14766577,5,3995.0
Nottingham,46240395,21,14028.0
Novosibirsk,3630000,5,4021.0
NoÃ¡in,1075262,4,4023.0
Nuremberg,2296575,4,4018.0
OH - Other,26666123,37,36172.0
OK - Other,17780150,5,6025.0
ON - Other,23135421,19,32132.0
OR - Other,0,2,3995.0
Oberhaching,40673570,5,2001.0
Odense,0,3,6030.0
Odessa,670000,5,8050.0
Oklahoma City,299603895,56,56238.0
Oldbury,10000000,1,2007.0
Omaha,308384517,111,134554.0
Omsk,0,1,2012.0
Ontario - Inland Empire,193660779,105,144413.0
"Orange County, California",773316481,141,138541.0
Orlando,922882177,154,152636.0
Orpington,10839271,5,
Orsay,7021914,5,8037.0
Osaka,25101000,7,10035.0
Osijek,30000,1,2012.0
Oslo,505154203,70,56267.0
Osnabruck,643300,1,2009.0
Ottawa,628307263,122,128444.0
Oulu,32056424,20,28141.0
Oviedo,646950,1,2008.0
Oxton,210856668,18,4012.0
PA - Other,39210404,46,62180.0
PAK - Other,3675000,2,4015.0
PER - Other,20066190,3,4020.0
PHL - Other,333893787,12,6033.0
POL - Other,3371039,16,24125.0
PRT - Other,9315442,27,38189.0
PRY - Other,25000,1,2013.0
Paignton,336055,1,1990.0
Paisley,5757955,1,1985.0
Palermo,964950,1,2013.0
Palm Beaches,693983965,205,194747.0
Palm Springs,6260150,14,20074.0
Palma De Mallorca,9055431,9,8043.0
Palma Del RÃ­o,750000,1,
Pamplona,18034000,2,2006.0
Panama City,31267000,10,16077.0
Paris,2408354074,616,730917.0
Parma,542944,1,
Passau,2460000,5,2008.0
Paterna De Rivera,0,2,4010.0
Pavia,80000,1,2013.0
Penang,190000,3,6035.0
Pensacola,69317006,22,26099.0
Peoria,38135473,11,8031.0
Perm,350000,2,4023.0
Perth,113535677,29,34136.0
Pescara,780000,1,2013.0
Pessac,1348200,1,
Peterborough,9613393,4,4019.0
Philadelphia,3170412981,656,527795.0
Phnom Penh,450000,8,13984.0
Phoenix,1328448500,389,431613.0
Phuket,0,1,2002.0
Pisa,6081795,9,6031.0
Pittsburgh,1598619095,508,337030.0
Plymouth,50000000,1,
Pontypridd,509438,2,2011.0
Poole,35005638,2,
"Portland, Maine",190468813,50,42119.0
"Portland, Oregon",2564771676,460,405462.0
Porto,19998386,27,44217.0
Porto Alegre,9203516,6,4008.0
Portsmouth,68797355,15,24069.0
Poznan,1388547,14,20105.0
Pozuelo De Alarcon,9409656,2,4007.0
Prague,220008449,42,68321.0
Preston,64490567,5,4019.0
Prince George,95238,1,2010.0
Providence,607049508,170,132369.0
Pune,246496067,41,52294.0
Puteaux,1840000,2,
QC - Other,2933000,5,8032.0
Quebec City,238366778,37,38136.0
Quito,140850,3,4025.0
RI - Other,1350000,3,2014.0
ROM - Other,7566,2,2013.0
RUS - Other,37648071,36,22128.0
Raleigh,2385837593,548,469490.0
Recife,165800,3,6038.0
Red Deer,1140000,3,6039.0
Regensburg,104757201,20,8022.0
Reggio Nell Emilia,670741,1,2011.0
Reigate,177897,1,
Reinach,27500000,1,2004.0
Rennes,144523650,12,12048.0
Reno - Sparks,66251767,46,48091.0
Reyjavik,59306326,18,26128.0
Richmond,376405139,82,88273.0
Riga,14556502,20,24146.0
Rio de Janeiro,196033314,94,104514.0
Riyadh,54243465,7,4023.0
Roanoke,112894602,48,40201.0
"Rochester, Minnesota",26893200,10,11963.0
"Rochester, New York",2735146021,61,68203.0
Rockford,3535000,4,5994.0
Rome,463014571,51,66302.0
Roncade,5136174,29,40228.0
Rostock,216635975,3,1998.0
Roswell,10000,2,4022.0
Rotherham,17024925,5,4015.0
Rotterdam,18607957,30,38172.0
Roubaix,20800000,3,3999.0
Rugby,2147000,2,
Runcorn,16485762,4,4004.0
SAU - Other,500000,2,4024.0
SC - Other,939302970,15,18039.0
SD - Other,9747304,8,12022.0
SF Bay Area,95648996115,11553,9361376.0
SK - Other,81000000,2,4024.0
SLV - Other,390000,3,4019.0
SRB - Other,411201,2,4025.0
SVK - Other,3891935,4,4024.0
SVN - Other,11557508,5,6035.0
SWE - Other,123729326,40,48101.0
Sacramento,870674694,148,154569.0
Sacramento Valley,4616436,11,16070.0
Saint-denis-sur-loire,11200000,3,2006.0
Saint-laurent,12150000,1,2000.0
"Salem, Oregon",20417496,17,18095.0
Salerno,0,1,2012.0
Salford,8064440,5,6034.0
Salisbury,29410000,8,16069.0
Salmiya,14050000,2,
Salt Lake City,3189112535,514,507620.0
Salzburg,386881,4,2010.0
San Antonio,468769350,122,118471.0
San Casciano Val Di Pesa,1100000,3,2003.0
San Cristobal De La Laguna,321650,1,
San Diego,6950608800,1030,870921.0
San Luis Obispo,172692689,19,12029.0
San Salvador,50000,1,2010.0
San Sebastian ,1878750,1,2006.0
San SebastiÃ¡n De Los Reyes,2111614,5,6022.0
Sandnes,8380000,3,4017.0
Santa Barbara,1679684792,200,176635.0
Santander,1700000,1,2010.0
Santiago,47840181,348,366158.0
Sao Paulo,1583832239,220,235234.0
Sarasota - Bradenton,187325494,39,42162.0
Sarnen,0,1,2003.0
Saskatoon,18708414,5,4021.0
Savannah,1325000,6,8036.0
Schlieren,17974280,7,4016.0
Scranton,68865484,35,36121.0
Seattle,6598160289,1508,1291258.0
Secunderabad,70440000,5,4012.0
Seminole,5412000,11,10052.0
Seongnam,106502008,19,14068.0
Seoul,1207103840,337,416301.0
Seville,6330523,8,10035.0
Shandong,18100000,2,2001.0
Shanghai,4163233646,428,254807.0
Sheffield,97108941,32,36107.0
Shenyang,57000000,2,2003.0
Shenzhen,1506825723,166,106237.0
Sherwood Park,2276900,3,6031.0
Shreveport,21300000,7,12039.0
Simferopol,300000,1,2010.0
Singapore,1842007166,468,524740.0
Sioux Falls,39424400,9,8018.0
Sittingbourne,68278,1,2013.0
Skien,9409460,2,1999.0
Skopje,38484,1,2013.0
Sligo,2844000,2,2004.0
Snodland,14170031,5,2001.0
Sofia,18131945,104,102588.0
Solihull,1166969,3,2003.0
South Bend,81660593,24,32152.0
South Grafton,1800000,1,2004.0
Split,117398,7,6028.0
Spokane,20907037,17,14062.0
Springfield,6775000,5,5990.0
"Springfield, Illinois",58134101,50,38049.0
St. Cloud,3670000,5,4010.0
St. John's,13121378,17,18067.0
St. Louis,948937737,314,240927.0
St. Petersburg,22926208,25,32195.0
Stafford,394842,1,2006.0
Staines-upon-thames,932782,1,1999.0
Stalybridge,757625,1,2007.0
Stanmore,780000,2,2011.0
Starnberg,14570982,6,4018.0
State College,2250000,6,10016.0
Stavanger,0,1,
Steinhausen,0,1,2011.0
Stirling,10332595,4,4015.0
Stockholm,1781697695,226,232923.0
Stockport,33515878,5,6009.0
Stockton-on-tees,66273600,1,
Stoke-on-trent,1888086,4,6023.0
Stourbridge,296019,1,
Strasbourg,11950053,5,6016.0
Strassen,150000,2,3991.0
Stratford-upon-avon,103037,1,2012.0
Stuttgart,416741186,30,34025.0
Sunderland Bridge,1121081,4,2010.0
Sundsvall,1112000,3,4004.0
Surabaya,1000,2,2013.0
Surbiton,147570,2,4017.0
Surrey,18095000,9,12032.0
Sutton Saint James,6268000,4,2012.0
Swansea,931758,6,6018.0
Swindon,35073243,10,2004.0
Sydney,1115684683,200,215012.0
Syracuse,17484167,30,32161.0
Szczecin,256579,2,4018.0
SÃ¨te,1362100,1,2011.0
THA - Other,2408989,5,8038.0
TN - Other,58782561,36,20073.0
TTO - Other,2210000,3,6033.0
TUN - Other,0,2,2012.0
TUR - Other,190035901,12,14058.0
TWN - Other,38473872,9,4023.0
TX - Other,129985245,45,70265.0
TZA - Other,62664000,10,8043.0
Taastrup,27000000,3,4011.0
Taiwan,835239371,55,58179.0
Tallahassee,2558000,9,12052.0
Tallinn,53359895,52,54303.0
Tampa,704544473,212,256998.0
Tampere,27060486,10,10041.0
Tarragona,1427030,1,2010.0
Tashkent,90000,1,2006.0
Tasmania,12700000,3,2003.0
Taunton,447000,1,2003.0
Tbilisi,0,1,2014.0
Teddington,340423,1,
Tel Aviv,3748810487,751,795437.0
Terni,752472,1,2013.0
Terrassa,1890000,1,
Tewkesbury,17419600,2,4004.0
Thame,4531914,1,
Thane,500000,1,2010.0
The Hague,1422824138,42,40156.0
ThessalonÃ­ki,900769,3,4018.0
Thiruvananthapuram,6000000,1,2010.0
Thunder Bay,5938816,7,10043.0
Tianjin,49450000,6,6016.0
Timisoara,410457,4,6029.0
Tirana,0,1,2014.0
Tokyo,2251721845,335,331312.0
Toledo,38941500,22,26121.0
Topeka,13500000,2,1994.0
Toronto,3296056475,733,754891.0
Toulouse,9571409,6,12057.0
Tralee,20897147,6,8028.0
Traverse City,25685036,9,6018.0
Trento,4238041,12,8048.0
Trenton,280000,2,4018.0
Trivandrum,100000,2,4025.0
Tromso,10400000,2,1994.0
Trondheim,28761749,18,16053.0
Trowbridge,75583454,3,2005.0
Truro,58700,1,
Tucson,239686920,76,66287.0
Tulsa,333475325,37,56258.0
Tunbridge Wells,3738338,2,3998.0
Tunis,3970000,2,4012.0
Tupelo,5425000,11,12042.0
Turin,5619245,23,14078.0
Turku,41593221,13,14057.0
Twickenham,35560571,5,4012.0
UGA - Other,0,1,2013.0
UKR - Other,10000,3,2013.0
USA - Other,29495805,32,46222.0
UT - Other,177241471,25,34155.0
Ulm,0,3,2012.0
Umea,2687932,5,6010.0
Unterhaching,0,1,
Utrecht,114345214,31,48167.0
VA - Other,169786910,43,52219.0
VNM - Other,90000000,1,1933.0
VT - Other,255877005,53,56160.0
Vadodara,1620000,2,2012.0
Vail,3118996,7,4025.0
Valby,2856920,1,
Valencia,12295819,61,80479.0
Valladolid,4543100,2,4014.0
Vancouver,1282013022,362,373566.0
Vantaa,33125204,5,5986.0
Vejle,10970000,3,4021.0
Vellore,334020,3,4019.0
Venice,9994451,18,14086.0
Verona,2165621,6,8033.0
Victoria,1030000,1,2012.0
Vienna,206783947,100,108512.0
Vijayawada,0,1,2012.0
Villeurbanne,1330488,2,2007.0
Vilnius,94077204,40,46256.0
WA - Other,40510848,43,52223.0
WI - Other,65335220,48,40041.0
WV - Other,9610253,19,20088.0
WY - Other,15670984,14,24118.0
Warrington,474116,5,2006.0
Warsaw,75950069,55,58310.0
Warwick,11691161,8,6016.0
"Washington, D.C.",9645959082,1318,1168202.0
Waterford,211781,4,4026.0
Waterloo,2714506,2,2014.0
Watford,71560000,5,4009.0
Wellington,33956683,27,22121.0
Welwyn Garden City,22089581,2,2003.0
Wembley,74743,4,2009.0
West End,19615,3,2007.0
Westmount,1506360,5,2013.0
Wetherby,2070953,1,2008.0
Wetzlar,27181,1,2012.0
Weybridge,12308243,2,
Wichita,12171999,10,16046.0
"Wilmington - Cape Fear, North Carolina",79677502,15,16055.0
"Wilmington, Delaware",416721643,89,100469.0
Wilmslow,333355,3,6027.0
Wimbledon,30673008,3,2006.0
Windsor,35000,2,4018.0
Winnipeg,1595636,8,14061.0
Winston-Salem,95447432,16,15982.0
Wokingham,0,1,1987.0
Wolverhampton,7676298,2,2000.0
Worcester,1070109938,122,78215.0
Wroclaw,59081112,18,22115.0
Wuhan,47892287,6,1997.0
Wuxi,70000000,1,2006.0
Xiamen,102554368,12,6029.0
Yangon,700000,2,4025.0
Yerevan,26812976,5,4017.0
Yokohama,1262354,3,2007.0
York,32048469,6,8032.0
Youngstown,707000,9,14048.0
Yucatan,280000,3,6034.0
Yverdon-les-bains,9982880,4,4020.0
ZAF - Other,0,1,2014.0
ZWE - Other,0,1,2012.0
Zagreb,2815993,4,4016.0
Zamudio,119000,1,
Zaragoza,1789717,7,2008.0
Zhengzhou,20422289,4,2012.0
Zhuhai,894215460,6,1995.0
Zurich,355469052,115,132617.0
Ã‡an,216665923,42,30103.0
Ã‰vry,39743215,4,6014.0
